Derek,Domer,M,ddomer,Derek.Domer@gmail.com
Omar,Oram,M,ooram1,Omar.Oram@gmail.com
Maxwell,Middleton,M,mmiddleton,Maxwell.Middleton@gmail.com
Justin,Jordon,M,jjordon,Justin.Jordon@gmail.com
Eldridge,Ettinger,M,eettinger,Eldridge.Ettinger@gmail.com
Drew,Dubose,M,ddubose,Drew.Dubose@gmail.com
Michel,Mill,M,mmill,Michel.Mill@gmail.com
Louie,Lucier,M,llucier,Louie.Lucier@gmail.com
Javier,Juntunen,M,jjuntunen,Javier.Juntunen@gmail.com
Wilford,Wilborn,M,wwilborn,Wilford.Wilborn@gmail.com
Lonnie,Loder,M,lloder,Lonnie.Loder@gmail.com
Forrest,Feather,M,ffeather,Forrest.Feather@gmail.com
Rodger,Rase,M,rrase,Rodger.Rase@gmail.com
Leslie,Lafuente,M,llafuente,Leslie.Lafuente@gmail.com
Graig,Gaddy,M,ggaddy,Graig.Gaddy@gmail.com
Bertram,Beavers,M,bbeavers,Bertram.Beavers@gmail.com
Patrick,Purinton,M,ppurinton,Patrick.Purinton@gmail.com
Herbert,Hey,M,hhey,Herbert.Hey@gmail.com
Doyle,Dejohn,M,ddejohn,Doyle.Dejohn@gmail.com
Esteban,Ebron,M,eebron1,Esteban.Ebron@gmail.com
Jose,Joachim,M,jjoachim,Jose.Joachim@gmail.com
Winfred,Wilner,M,wwilner,Winfred.Wilner@gmail.com
Jamie,Jellison,M,jjellison,Jamie.Jellison@gmail.com
Evan,Ellingson,M,eellingson,Evan.Ellingson@gmail.com
Seymour,Schiller,M,sschiller,Seymour.Schiller@gmail.com
Bob,Byrd,M,bbyrd,Bob.Byrd@gmail.com
Chance,Crass,M,ccrass,Chance.Crass@gmail.com
Jeremiah,Johns,M,jjohns,Jeremiah.Johns@gmail.com
Agustin,Ackerley,M,aackerley1,Agustin.Ackerley@gmail.com
Alton,Ashurst,M,aashurst,Alton.Ashurst@gmail.com
Gaylord,Golla,M,ggolla,Gaylord.Golla@gmail.com
Rashad,Raco,M,rraco,Rashad.Raco@gmail.com
Jessie,Jaillet,M,jjaillet,Jessie.Jaillet@gmail.com
Graham,Goncalves,M,ggoncalves,Graham.Goncalves@gmail.com
Sid,Spoon,M,sspoon,Sid.Spoon@gmail.com
Alva,Amy,M,aamy,Alva.Amy@gmail.com
Santos,Sandford,M,ssandford,Santos.Sandford@gmail.com
Wilson,Warfield,M,wwarfield,Wilson.Warfield@gmail.com
Nestor,Nestor,M,nnestor,Nestor.Nestor@gmail.com
Troy,Tillett,M,ttillett1,Troy.Tillett@gmail.com
Francis,Failla,M,ffailla,Francis.Failla@gmail.com
Gilbert,Gheen,M,ggheen,Gilbert.Gheen@gmail.com
Chi,Caudill,M,ccaudill,Chi.Caudill@gmail.com
Renato,Radcliff,M,rradcliff,Renato.Radcliff@gmail.com
Ismael,Immel,M,iimmel,Ismael.Immel@gmail.com
Rosendo,Rocamora,M,rrocamora,Rosendo.Rocamora@gmail.com
Ahmad,Ake,M,aake,Ahmad.Ake@gmail.com
Modesto,Mannella,M,mmannella,Modesto.Mannella@gmail.com
Danny,Dangerfield,M,ddangerfield,Danny.Dangerfield@gmail.com
Stanford,Servin,M,sservin,Stanford.Servin@gmail.com
Teddy,Tiffany,M,ttiffany,Teddy.Tiffany@gmail.com
Dean,Derby,M,dderby,Dean.Derby@gmail.com
Lavern,Lundgren,M,llundgren,Lavern.Lundgren@gmail.com
Pedro,Prochnow,M,pprochnow,Pedro.Prochnow@gmail.com
Garry,Gabrielli,M,ggabrielli,Garry.Gabrielli@gmail.com
Jonah,Jaramillo,M,jjaramillo,Jonah.Jaramillo@gmail.com
Josiah,Jarboe,M,jjarboe,Josiah.Jarboe@gmail.com
Art,Andry,M,aandry,Art.Andry@gmail.com
Carl,Cusack,M,ccusack,Carl.Cusack@gmail.com
Deshawn,Duhart,M,dduhart,Deshawn.Duhart@gmail.com
Felipe,Friend,M,ffriend,Felipe.Friend@gmail.com
Timmy,Tow,M,ttow,Timmy.Tow@gmail.com
Antonia,Ambrosino,M,aambrosino,Antonia.Ambrosino@gmail.com
Everett,Enz,M,eenz,Everett.Enz@gmail.com
Conrad,Cajigas,M,ccajigas,Conrad.Cajigas@gmail.com
Hayden,Hegarty,M,hhegarty,Hayden.Hegarty@gmail.com
Zachery,Zelinski,M,zzelinski,Zachery.Zelinski@gmail.com
Clifton,Cada,M,ccada,Clifton.Cada@gmail.com
Dallas,Dambrosia,M,ddambrosia1,Dallas.Dambrosia@gmail.com
Leon,Levesque,M,llevesque,Leon.Levesque@gmail.com
Horacio,Hand,M,hhand,Horacio.Hand@gmail.com
Phil,Plascencia,M,pplascencia,Phil.Plascencia@gmail.com
Rodrick,Ries,M,rries,Rodrick.Ries@gmail.com
Tristan,Touchette,M,ttouchette,Tristan.Touchette@gmail.com
Raymond,Rieger,M,rrieger,Raymond.Rieger@gmail.com
Refugio,Rieves,M,rrieves,Refugio.Rieves@gmail.com
Anton,Angel,M,aangel,Anton.Angel@gmail.com
Keenan,Kowalewski,M,kkowalewski,Keenan.Kowalewski@gmail.com
Domenic,Delbosque,M,ddelbosque,Domenic.Delbosque@gmail.com
Adalberto,Appell,M,aappell,Adalberto.Appell@gmail.com
Jamey,Jaeger,M,jjaeger,Jamey.Jaeger@gmail.com
Luis,Laurent,M,llaurent,Luis.Laurent@gmail.com
Tod,Tillett,M,ttillett,Tod.Tillett@gmail.com
Mason,Mastronardi,M,mmastronardi,Mason.Mastronardi@gmail.com
Ariel,Alber,M,aalber1,Ariel.Alber@gmail.com
Lynn,Ladouceur,M,lladouceur,Lynn.Ladouceur@gmail.com
Randolph,Roses,M,rroses,Randolph.Roses@gmail.com
Zackary,Zamorano,M,zzamorano,Zackary.Zamorano@gmail.com
Odell,Omar,M,oomar,Odell.Omar@gmail.com
Odis,Olivar,M,oolivar,Odis.Olivar@gmail.com
Leopoldo,Luciano,M,lluciano,Leopoldo.Luciano@gmail.com
Lindsey,Licari,M,llicari,Lindsey.Licari@gmail.com
Eliseo,Ennis,M,eennis,Eliseo.Ennis@gmail.com
Kelly,Kocian,M,kkocian,Kelly.Kocian@gmail.com
Garrett,Gwozdz,M,ggwozdz,Garrett.Gwozdz@gmail.com
Frederic,Fillion,M,ffillion,Frederic.Fillion@gmail.com
Felton,Fussell,M,ffussell,Felton.Fussell@gmail.com
Fabian,Fripp,M,ffripp,Fabian.Fripp@gmail.com
Hal,Hayworth,M,hhayworth,Hal.Hayworth@gmail.com
Grover,Gillon,M,ggillon,Grover.Gillon@gmail.com
Darron,Dambrosia,M,ddambrosia,Darron.Dambrosia@gmail.com
Ezekiel,Eddinger,M,eeddinger,Ezekiel.Eddinger@gmail.com
Leigh,Lenard,M,llenard,Leigh.Lenard@gmail.com
Roger,Rough,M,rrough,Roger.Rough@gmail.com
Virgilio,Valez,M,vvalez,Virgilio.Valez@gmail.com
Bruce,Busby,M,bbusby,Bruce.Busby@gmail.com
Henry,Hyler,M,hhyler,Henry.Hyler@gmail.com
Milton,Mabie,M,mmabie,Milton.Mabie@gmail.com
Whitney,Wittig,M,wwittig,Whitney.Wittig@gmail.com
Trent,Tebbs,M,ttebbs,Trent.Tebbs@gmail.com
Waldo,Widner,M,wwidner,Waldo.Widner@gmail.com
Elmer,Edelson,M,eedelson,Elmer.Edelson@gmail.com
Mohammad,Mcnew,M,mmcnew,Mohammad.Mcnew@gmail.com
Shawn,Sidebottom,M,ssidebottom,Shawn.Sidebottom@gmail.com
Wyatt,Wehling,M,wwehling,Wyatt.Wehling@gmail.com
Mary,Merkel,M,mmerkel,Mary.Merkel@gmail.com
Saul,Speirs,M,sspeirs,Saul.Speirs@gmail.com
Mel,Muff,M,mmuff,Mel.Muff@gmail.com
Gregg,Guerrette,M,gguerrette,Gregg.Guerrette@gmail.com
Ashley,Amaker,M,aamaker,Ashley.Amaker@gmail.com
Orlando,Oatis,M,ooatis,Orlando.Oatis@gmail.com
Hunter,Hertz,M,hhertz,Hunter.Hertz@gmail.com
Carlos,Canez,M,ccanez,Carlos.Canez@gmail.com
Kermit,Kramp,M,kkramp,Kermit.Kramp@gmail.com
Lazaro,Loggins,M,lloggins,Lazaro.Loggins@gmail.com
Haywood,Hornyak,M,hhornyak,Haywood.Hornyak@gmail.com
Blair,Baird,M,bbaird,Blair.Baird@gmail.com
Alphonse,Arrellano,M,aarrellano,Alphonse.Arrellano@gmail.com
Randell,Roemer,M,rroemer,Randell.Roemer@gmail.com
Wiley,Wyatt,M,wwyatt1,Wiley.Wyatt@gmail.com
Alphonso,Alward,M,aalward,Alphonso.Alward@gmail.com
Dominic,Ditullio,M,dditullio,Dominic.Ditullio@gmail.com
Benjamin,Bergquist,M,bbergquist,Benjamin.Bergquist@gmail.com
Merrill,Mcgovern,M,mmcgovern,Merrill.Mcgovern@gmail.com
Ted,Thistle,M,tthistle,Ted.Thistle@gmail.com
Truman,Trainor,M,ttrainor,Truman.Trainor@gmail.com
Napoleon,Naval,M,nnaval1,Napoleon.Naval@gmail.com
Mauro,Melvin,M,mmelvin,Mauro.Melvin@gmail.com
Dewey,Debelak,M,ddebelak,Dewey.Debelak@gmail.com
Prince,Petrick,M,ppetrick,Prince.Petrick@gmail.com
Jean,Jarrell,M,jjarrell,Jean.Jarrell@gmail.com
Maurice,Moler,M,mmoler,Maurice.Moler@gmail.com
Denis,Dezzutti,M,ddezzutti1,Denis.Dezzutti@gmail.com
Ike,Ibrahim,M,iibrahim,Ike.Ibrahim@gmail.com
Warner,Wilkerson,M,wwilkerson,Warner.Wilkerson@gmail.com
Marion,Milano,M,mmilano,Marion.Milano@gmail.com
Antwan,Ashbaugh,M,aashbaugh1,Antwan.Ashbaugh@gmail.com
Maria,Mandez,M,mmandez,Maria.Mandez@gmail.com
Sterling,Senters,M,ssenters,Sterling.Senters@gmail.com
Johnie,Jeffrey,M,jjeffrey1,Johnie.Jeffrey@gmail.com
Sammie,Sandoval,M,ssandoval,Sammie.Sandoval@gmail.com
Shirley,Signorelli,M,ssignorelli,Shirley.Signorelli@gmail.com
Blaine,Broman,M,bbroman,Blaine.Broman@gmail.com
Emanuel,Eicher,M,eeicher,Emanuel.Eicher@gmail.com
Enoch,Edelman,M,eedelman,Enoch.Edelman@gmail.com
Foster,Fleischman,M,ffleischman,Foster.Fleischman@gmail.com
Nathaniel,Nish,M,nnish,Nathaniel.Nish@gmail.com
Kareem,Korn,M,kkorn,Kareem.Korn@gmail.com
Brandon,Buth,M,bbuth,Brandon.Buth@gmail.com
Elisha,Edwin,M,eedwin,Elisha.Edwin@gmail.com
German,Garcia,M,ggarcia,German.Garcia@gmail.com
Emmanuel,Eanes,M,eeanes,Emmanuel.Eanes@gmail.com
Harvey,Hyun,M,hhyun,Harvey.Hyun@gmail.com
Brock,Bash,M,bbash,Brock.Bash@gmail.com
Rogelio,Rotondo,M,rrotondo,Rogelio.Rotondo@gmail.com
Zachary,Zahm,M,zzahm,Zachary.Zahm@gmail.com
Rupert,Radebaugh,M,rradebaugh,Rupert.Radebaugh@gmail.com
Ira,Infantino,M,iinfantino,Ira.Infantino@gmail.com
Steven,Stirling,M,sstirling,Steven.Stirling@gmail.com
Stefan,Standifer,M,sstandifer,Stefan.Standifer@gmail.com
Riley,Rising,M,rrising,Riley.Rising@gmail.com
Gordon,Gold,M,ggold,Gordon.Gold@gmail.com
Collin,Cioffi,M,ccioffi,Collin.Cioffi@gmail.com
Daron,Dove,M,ddove,Daron.Dove@gmail.com
Damien,Dvorak,M,ddvorak,Damien.Dvorak@gmail.com
Devin,Delpozo,M,ddelpozo,Devin.Delpozo@gmail.com
Pierre,Pulliam,M,ppulliam,Pierre.Pulliam@gmail.com
Scotty,Stansfield,M,sstansfield,Scotty.Stansfield@gmail.com
Hollis,Hoss,M,hhoss,Hollis.Hoss@gmail.com
Edward,Ehlert,M,eehlert,Edward.Ehlert@gmail.com
Guillermo,Gunnels,M,ggunnels,Guillermo.Gunnels@gmail.com
Devon,Dimond,M,ddimond,Devon.Dimond@gmail.com
Lesley,Lagos,M,llagos,Lesley.Lagos@gmail.com
Roderick,Rana,M,rrana,Roderick.Rana@gmail.com
Rick,Rettig,M,rrettig,Rick.Rettig@gmail.com
Charles,Cornwell,M,ccornwell,Charles.Cornwell@gmail.com
Vince,Vanvliet,M,vvanvliet,Vince.Vanvliet@gmail.com
Donald,Dziedzic,M,ddziedzic,Donald.Dziedzic@gmail.com
Weldon,Waters,M,wwaters,Weldon.Waters@gmail.com
Garret,Godin,M,ggodin,Garret.Godin@gmail.com
Carroll,Canino,M,ccanino,Carroll.Canino@gmail.com
Willian,Wolery,M,wwolery,Willian.Wolery@gmail.com
Leonel,Lemanski,M,llemanski,Leonel.Lemanski@gmail.com
Everette,Edgell,M,eedgell,Everette.Edgell@gmail.com
Bruno,Bruggeman,M,bbruggeman,Bruno.Bruggeman@gmail.com
Miquel,Mitchum,M,mmitchum,Miquel.Mitchum@gmail.com
Ed,Eno,M,eeno,Ed.Eno@gmail.com
Daryl,Dibenedetto,M,ddibenedetto,Daryl.Dibenedetto@gmail.com
Parker,Payer,M,ppayer,Parker.Payer@gmail.com
Beau,Bittle,M,bbittle,Beau.Bittle@gmail.com
Erich,Esker,M,eesker,Erich.Esker@gmail.com
Terrell,Tindall,M,ttindall,Terrell.Tindall@gmail.com
Nathanial,Naval,M,nnaval,Nathanial.Naval@gmail.com
Wes,Wisdom,M,wwisdom,Wes.Wisdom@gmail.com
Mckinley,Malone,M,mmalone,Mckinley.Malone@gmail.com
Alden,Aldaco,M,aaldaco,Alden.Aldaco@gmail.com
Kirk,Koonce,M,kkoonce,Kirk.Koonce@gmail.com
Felix,Fogel,M,ffogel,Felix.Fogel@gmail.com
Antonio,Amero,M,aamero,Antonio.Amero@gmail.com
Kyle,Kasper,M,kkasper,Kyle.Kasper@gmail.com
Jasper,Jinks,M,jjinks,Jasper.Jinks@gmail.com
Woodrow,Wehrle,M,wwehrle,Woodrow.Wehrle@gmail.com
Luther,Latz,M,llatz,Luther.Latz@gmail.com
Cristobal,Chien,M,cchien,Cristobal.Chien@gmail.com
Rolando,Rodden,M,rrodden,Rolando.Rodden@gmail.com
Vance,Valadez,M,vvaladez,Vance.Valadez@gmail.com
Alexander,Au,M,aau,Alexander.Au@gmail.com
Lonny,Livingstone,M,llivingstone,Lonny.Livingstone@gmail.com
Sean,Sandstrom,M,ssandstrom,Sean.Sandstrom@gmail.com
Lowell,Loflin,M,lloflin,Lowell.Loflin@gmail.com
Wilbert,Whitcomb,M,wwhitcomb,Wilbert.Whitcomb@gmail.com
Morton,Milera,M,mmilera,Morton.Milera@gmail.com
Adan,Alto,M,aalto,Adan.Alto@gmail.com
Darnell,Drescher,M,ddrescher,Darnell.Drescher@gmail.com
Santo,Stabler,M,sstabler,Santo.Stabler@gmail.com
Jamison,Joyal,M,jjoyal,Jamison.Joyal@gmail.com
Corey,Clute,M,cclute,Corey.Clute@gmail.com
Jody,Jared,M,jjared,Jody.Jared@gmail.com
Benton,Bonn,M,bbonn,Benton.Bonn@gmail.com
Don,Dalpiaz,M,ddalpiaz,Don.Dalpiaz@gmail.com
Quinton,Queener,M,qqueener,Quinton.Queener@gmail.com
Allen,Alberson,M,aalberson,Allen.Alberson@gmail.com
Orval,Oman,M,ooman,Orval.Oman@gmail.com
Elton,Eames,M,eeames,Elton.Eames@gmail.com
Raymon,Raynor,M,rraynor,Raymon.Raynor@gmail.com
Edison,Ellerbee,M,eellerbee,Edison.Ellerbee@gmail.com
Frank,Frye,M,ffrye,Frank.Frye@gmail.com
Chuck,Copenhaver,M,ccopenhaver,Chuck.Copenhaver@gmail.com
Logan,Lansberry,M,llansberry,Logan.Lansberry@gmail.com
Marcus,Manalo,M,mmanalo,Marcus.Manalo@gmail.com
Lenny,Lovin,M,llovin,Lenny.Lovin@gmail.com
Ricky,Rochester,M,rrochester,Ricky.Rochester@gmail.com
Walton,Webre,M,wwebre,Walton.Webre@gmail.com
Leandro,Laberge,M,llaberge,Leandro.Laberge@gmail.com
Fidel,Fallin,M,ffallin,Fidel.Fallin@gmail.com
Coy,Core,M,ccore,Coy.Core@gmail.com
Quincy,Querry,M,qquerry,Quincy.Querry@gmail.com
Norman,Noggle,M,nnoggle,Norman.Noggle@gmail.com
Houston,Hague,M,hhague,Houston.Hague@gmail.com
Emory,Elser,M,eelser1,Emory.Elser@gmail.com
Wilburn,Waugh,M,wwaugh,Wilburn.Waugh@gmail.com
Joel,Juckett,M,jjuckett,Joel.Juckett@gmail.com
Jerrod,Judkins,M,jjudkins,Jerrod.Judkins@gmail.com
Quinn,Quinonez,M,qquinonez,Quinn.Quinonez@gmail.com
Wendell,Watanabe,M,wwatanabe,Wendell.Watanabe@gmail.com
Hershel,Huynh,M,hhuynh,Hershel.Huynh@gmail.com
Richie,Reinbold,M,rreinbold,Richie.Reinbold@gmail.com
Keith,Keith,M,kkeith1,Keith.Keith@gmail.com
Miguel,Montag,M,mmontag,Miguel.Montag@gmail.com
Preston,Pierro,M,ppierro,Preston.Pierro@gmail.com
Florentino,Fitzsimmons,M,ffitzsimmons,Florentino.Fitzsimmons@gmail.com
Lamont,Lukens,M,llukens,Lamont.Lukens@gmail.com
Mario,Mcgavock,M,mmcgavock,Mario.Mcgavock@gmail.com
Joe,Jefferys,M,jjefferys,Joe.Jefferys@gmail.com
Gene,Garriga,M,ggarriga,Gene.Garriga@gmail.com
Cesar,Cistrunk,M,ccistrunk,Cesar.Cistrunk@gmail.com
Efrain,Ertle,M,eertle,Efrain.Ertle@gmail.com
Eloy,Ebron,M,eebron,Eloy.Ebron@gmail.com
Hector,Hilley,M,hhilley,Hector.Hilley@gmail.com
Donte,Dimas,M,ddimas,Donte.Dimas@gmail.com
Howard,Hypes,M,hhypes,Howard.Hypes@gmail.com
Raphael,Ruel,M,rruel,Raphael.Ruel@gmail.com
Roscoe,Raker,M,rraker,Roscoe.Raker@gmail.com
Willie,Wyatt,M,wwyatt,Willie.Wyatt@gmail.com
Darryl,Donatelli,M,ddonatelli,Darryl.Donatelli@gmail.com
Marlon,Mebane,M,mmebane,Marlon.Mebane@gmail.com
Leif,Lanz,M,llanz,Leif.Lanz@gmail.com
Sanford,Saterfiel,M,ssaterfiel,Sanford.Saterfiel@gmail.com
Raymundo,Roehrig,M,rroehrig1,Raymundo.Roehrig@gmail.com
Chester,Culver,M,cculver,Chester.Culver@gmail.com
Carlton,Cosey,M,ccosey,Carlton.Cosey@gmail.com
Mickey,Moreau,M,mmoreau,Mickey.Moreau@gmail.com
Lewis,Lipson,M,llipson,Lewis.Lipson@gmail.com
Ronald,Rosado,M,rrosado,Ronald.Rosado@gmail.com
Russ,Rayes,M,rrayes,Russ.Rayes@gmail.com
Kristopher,Klahn,M,kklahn,Kristopher.Klahn@gmail.com
Spencer,Sowards,M,ssowards,Spencer.Sowards@gmail.com
Marcelino,Mccree,M,mmccree,Marcelino.Mccree@gmail.com
Buford,Brickhouse,M,bbrickhouse,Buford.Brickhouse@gmail.com
Harlan,Holmen,M,hholmen,Harlan.Holmen@gmail.com
Morris,Mallen,M,mmallen,Morris.Mallen@gmail.com
Dwayne,Denzer,M,ddenzer,Dwayne.Denzer@gmail.com
Kip,Karpinski,M,kkarpinski1,Kip.Karpinski@gmail.com
Neville,Nanney,M,nnanney,Neville.Nanney@gmail.com
Hilario,Hamed,M,hhamed,Hilario.Hamed@gmail.com
Charlie,Chamber,M,cchamber,Charlie.Chamber@gmail.com
Emmett,Earnhardt,M,eearnhardt,Emmett.Earnhardt@gmail.com
Mac,Moman,M,mmoman,Mac.Moman@gmail.com
Laurence,Lampe,M,llampe,Laurence.Lampe@gmail.com
Gerardo,Gautier,M,ggautier,Gerardo.Gautier@gmail.com
Williams,Weyand,M,wweyand,Williams.Weyand@gmail.com
Christopher,Conti,M,cconti,Christopher.Conti@gmail.com
Mikel,Merz,M,mmerz1,Mikel.Merz@gmail.com
Bo,Burrough,M,bburrough,Bo.Burrough@gmail.com
Earnest,Estell,M,eestell,Earnest.Estell@gmail.com
Arnold,Aceves,M,aaceves,Arnold.Aceves@gmail.com
Billy,Butterfield,M,bbutterfield,Billy.Butterfield@gmail.com
Jermaine,Jacinto,M,jjacinto,Jermaine.Jacinto@gmail.com
Forest,Fregoe,M,ffregoe,Forest.Fregoe@gmail.com
Ulysses,Uphoff,M,uuphoff,Ulysses.Uphoff@gmail.com
Bradley,Blackwelder,M,bblackwelder,Bradley.Blackwelder@gmail.com
Greg,Gilbertson,M,ggilbertson,Greg.Gilbertson@gmail.com
Doug,Dionne,M,ddionne,Doug.Dionne@gmail.com
Mitchell,Mcnemar,M,mmcnemar,Mitchell.Mcnemar@gmail.com
Arlen,Arthur,M,aarthur1,Arlen.Arthur@gmail.com
Donnie,Dorey,M,ddorey,Donnie.Dorey@gmail.com
Ron,Reimann,M,rreimann,Ron.Reimann@gmail.com
David,Delucca,M,ddelucca,David.Delucca@gmail.com
Patricia,Peavler,M,ppeavler,Patricia.Peavler@gmail.com
Ferdinand,Francois,M,ffrancois,Ferdinand.Francois@gmail.com
Dante,Dacruz,M,ddacruz,Dante.Dacruz@gmail.com
Tory,Turnipseed,M,tturnipseed,Tory.Turnipseed@gmail.com
Millard,Mcandrews,M,mmcandrews,Millard.Mcandrews@gmail.com
Cody,Cates,M,ccates,Cody.Cates@gmail.com
Dudley,Driscoll,M,ddriscoll,Dudley.Driscoll@gmail.com
Boyd,Boggs,M,bboggs,Boyd.Boggs@gmail.com
Sonny,Sera,M,ssera,Sonny.Sera@gmail.com
Eldon,Elliff,M,eelliff,Eldon.Elliff@gmail.com
Kris,Kraus,M,kkraus,Kris.Kraus@gmail.com
Sydney,Sanders,M,ssanders,Sydney.Sanders@gmail.com
Dylan,Doner,M,ddoner,Dylan.Doner@gmail.com
Marco,Mcphail,M,mmcphail,Marco.Mcphail@gmail.com
Willis,Woelfel,M,wwoelfel,Willis.Woelfel@gmail.com
Von,Veiga,M,vveiga,Von.Veiga@gmail.com
William,Weinman,M,wweinman,William.Weinman@gmail.com
Jewell,Jacquet,M,jjacquet,Jewell.Jacquet@gmail.com
Arnulfo,Avendano,M,aavendano,Arnulfo.Avendano@gmail.com
Nick,Newport,M,nnewport,Nick.Newport@gmail.com
Porter,Pulido,M,ppulido,Porter.Pulido@gmail.com
Lane,Lizaola,M,llizaola,Lane.Lizaola@gmail.com
Juan,Jurado,M,jjurado,Juan.Jurado@gmail.com
Roosevelt,Rueda,M,rrueda,Roosevelt.Rueda@gmail.com
Ernest,Eckley,M,eeckley,Ernest.Eckley@gmail.com
Sheldon,Scher,M,sscher,Sheldon.Scher@gmail.com
Erick,Ellerman,M,eellerman,Erick.Ellerman@gmail.com
Connie,Cambre,M,ccambre,Connie.Cambre@gmail.com
Horace,Hanus,M,hhanus,Horace.Hanus@gmail.com
Carey,Ceballos,M,cceballos,Carey.Ceballos@gmail.com
Quentin,Quillen,M,qquillen,Quentin.Quillen@gmail.com
Dion,Ducker,M,dducker,Dion.Ducker@gmail.com
Deangelo,Dentler,M,ddentler,Deangelo.Dentler@gmail.com
Walker,Wainscott,M,wwainscott,Walker.Wainscott@gmail.com
Elwood,Eatmon,M,eeatmon,Elwood.Eatmon@gmail.com
Kendrick,Keith,M,kkeith,Kendrick.Keith@gmail.com
Danilo,Doster,M,ddoster,Danilo.Doster@gmail.com
Wally,Wynkoop,M,wwynkoop,Wally.Wynkoop@gmail.com
Nicolas,Newman,M,nnewman,Nicolas.Newman@gmail.com
Monte,Montagna,M,mmontagna,Monte.Montagna@gmail.com
Terence,Topps,M,ttopps1,Terence.Topps@gmail.com
Cortez,Coghlan,M,ccoghlan,Cortez.Coghlan@gmail.com
Oren,Ogles,M,oogles,Oren.Ogles@gmail.com
Victor,Valois,M,vvalois,Victor.Valois@gmail.com
Ellsworth,Edgemon,M,eedgemon,Ellsworth.Edgemon@gmail.com
Maynard,Matarazzo,M,mmatarazzo,Maynard.Matarazzo@gmail.com
Irving,Inman,M,iinman1,Irving.Inman@gmail.com
Coleman,Crigger,M,ccrigger,Coleman.Crigger@gmail.com
Markus,Mannino,M,mmannino,Markus.Mannino@gmail.com
Clay,Cree,M,ccree,Clay.Cree@gmail.com
Reuben,Rezentes,M,rrezentes,Reuben.Rezentes@gmail.com
Bret,Baltzell,M,bbaltzell,Bret.Baltzell@gmail.com
Sam,Siebert,M,ssiebert,Sam.Siebert@gmail.com
Earle,Estey,M,eestey,Earle.Estey@gmail.com
Delmar,Dyess,M,ddyess,Delmar.Dyess@gmail.com
Robin,Rierson,M,rrierson,Robin.Rierson@gmail.com
Donn,Dallman,M,ddallman,Donn.Dallman@gmail.com
Charley,Candelaria,M,ccandelaria,Charley.Candelaria@gmail.com
Mike,Marguez,M,mmarguez,Mike.Marguez@gmail.com
Harry,Haines,M,hhaines,Harry.Haines@gmail.com
Omer,Oriley,M,ooriley1,Omer.Oriley@gmail.com
Ken,Keaney,M,kkeaney,Ken.Keaney@gmail.com
Dwain,Depasquale,M,ddepasquale,Dwain.Depasquale@gmail.com
Rafael,Ritchie,M,rritchie,Rafael.Ritchie@gmail.com
Granville,Gallion,M,ggallion,Granville.Gallion@gmail.com
Arlie,Atwood,M,aatwood,Arlie.Atwood@gmail.com
Clyde,Cacciatore,M,ccacciatore,Clyde.Cacciatore@gmail.com
Marc,Mifflin,M,mmifflin,Marc.Mifflin@gmail.com
Adolfo,Archuleta,M,aarchuleta,Adolfo.Archuleta@gmail.com
Roman,Ranger,M,rranger,Roman.Ranger@gmail.com
Isiah,Isabell,M,iisabell,Isiah.Isabell@gmail.com
Nolan,Nolf,M,nnolf,Nolan.Nolf@gmail.com
Rocco,Redfearn,M,rredfearn,Rocco.Redfearn@gmail.com
Mohamed,Metzinger,M,mmetzinger,Mohamed.Metzinger@gmail.com
Tuan,Topps,M,ttopps,Tuan.Topps@gmail.com
Isreal,Inman,M,iinman,Isreal.Inman@gmail.com
Lenard,Levron,M,llevron,Lenard.Levron@gmail.com
Robbie,Ruyle,M,rruyle,Robbie.Ruyle@gmail.com
Arthur,Alvares,M,aalvares,Arthur.Alvares@gmail.com
Kenton,Kennison,M,kkennison,Kenton.Kennison@gmail.com
Taylor,Torrance,M,ttorrance,Taylor.Torrance@gmail.com
Neil,Nishimura,M,nnishimura,Neil.Nishimura@gmail.com
Cleveland,Carle,M,ccarle,Cleveland.Carle@gmail.com
Cruz,Caruthers,M,ccaruthers,Cruz.Caruthers@gmail.com
Numbers,Nappi,M,nnappi,Numbers.Nappi@gmail.com
Jeremy,Jardin,M,jjardin,Jeremy.Jardin@gmail.com
Kennith,Kohls,M,kkohls,Kennith.Kohls@gmail.com
Chong,Crisman,M,ccrisman,Chong.Crisman@gmail.com
Christian,Croyle,M,ccroyle,Christian.Croyle@gmail.com
Alvaro,Arango,M,aarango,Alvaro.Arango@gmail.com
Hank,Harder,M,hharder,Hank.Harder@gmail.com
Lanny,Lacasse,M,llacasse,Lanny.Lacasse@gmail.com
Cornell,Cincotta,M,ccincotta,Cornell.Cincotta@gmail.com
Lou,Laforest,M,llaforest,Lou.Laforest@gmail.com
Gilberto,Gholson,M,ggholson,Gilberto.Gholson@gmail.com
Ty,Tabor,M,ttabor,Ty.Tabor@gmail.com
Stevie,Stevens,M,sstevens,Stevie.Stevens@gmail.com
Jesse,Jeffreys,M,jjeffreys,Jesse.Jeffreys@gmail.com
Amado,Amorim,M,aamorim1,Amado.Amorim@gmail.com
Herschel,Headen,M,hheaden,Herschel.Headen@gmail.com
Eli,Ewert,M,eewert,Eli.Ewert@gmail.com
Toney,Torain,M,ttorain,Toney.Torain@gmail.com
Seth,Sunseri,M,ssunseri,Seth.Sunseri@gmail.com
Alec,Adamson,M,aadamson,Alec.Adamson@gmail.com
Nickolas,Nagel,M,nnagel,Nickolas.Nagel@gmail.com
Fred,Forry,M,fforry,Fred.Forry@gmail.com
Andres,Amyx,M,aamyx,Andres.Amyx@gmail.com
Rigoberto,Recio,M,rrecio,Rigoberto.Recio@gmail.com
Korey,Kintz,M,kkintz,Korey.Kintz@gmail.com
Issac,Ingalls,M,iingalls,Issac.Ingalls@gmail.com
Leo,Levine,M,llevine,Leo.Levine@gmail.com
Ernesto,Elser,M,eelser,Ernesto.Elser@gmail.com
Kristofer,Keeth,M,kkeeth,Kristofer.Keeth@gmail.com
Bryan,Barre,M,bbarre,Bryan.Barre@gmail.com
Jarod,Javier,M,jjavier,Jarod.Javier@gmail.com
Len,Lesser,M,llesser,Len.Lesser@gmail.com
Tobias,Traughber,M,ttraughber,Tobias.Traughber@gmail.com
Thad,Tilton,M,ttilton,Thad.Tilton@gmail.com
Hipolito,Hermosillo,M,hhermosillo,Hipolito.Hermosillo@gmail.com
Andrew,Amburgey,M,aamburgey,Andrew.Amburgey@gmail.com
Ward,Winslow,M,wwinslow,Ward.Winslow@gmail.com
Ollie,Oriley,M,ooriley,Ollie.Oriley@gmail.com
Glenn,Gorney,M,ggorney,Glenn.Gorney@gmail.com
Carter,Canas,M,ccanas,Carter.Canas@gmail.com
Miles,Mcneese,M,mmcneese,Miles.Mcneese@gmail.com
Florencio,Filson,M,ffilson,Florencio.Filson@gmail.com
Boyce,Blackshear,M,bblackshear,Boyce.Blackshear@gmail.com
Jeffry,Jeanpierre,M,jjeanpierre,Jeffry.Jeanpierre@gmail.com
Barton,Barajas,M,bbarajas,Barton.Barajas@gmail.com
Darrell,Downing,M,ddowning,Darrell.Downing@gmail.com
Brad,Bartkowiak,M,bbartkowiak,Brad.Bartkowiak@gmail.com
Gustavo,Grunwald,M,ggrunwald,Gustavo.Grunwald@gmail.com
Edmond,Eby,M,eeby1,Edmond.Eby@gmail.com
Jackson,Jolliff,M,jjolliff1,Jackson.Jolliff@gmail.com
Stacy,Stell,M,sstell,Stacy.Stell@gmail.com
Reyes,Ravenscroft,M,rravenscroft,Reyes.Ravenscroft@gmail.com
Rickie,Romney,M,rromney,Rickie.Romney@gmail.com
Noe,Nolting,M,nnolting,Noe.Nolting@gmail.com
Shon,Scholten,M,sscholten,Shon.Scholten@gmail.com
Brendon,Beisner,M,bbeisner,Brendon.Beisner@gmail.com
Abraham,Averett,M,aaverett,Abraham.Averett@gmail.com
Fredric,Farrelly,M,ffarrelly,Fredric.Farrelly@gmail.com
Hai,Hon,M,hhon,Hai.Hon@gmail.com
Mack,Mcgrane,M,mmcgrane,Mack.Mcgrane@gmail.com
Dana,Dominick,M,ddominick,Dana.Dominick@gmail.com
Jed,Jung,M,jjung,Jed.Jung@gmail.com
Elliott,Evans,M,eevans,Elliott.Evans@gmail.com
Cornelius,Camilleri,M,ccamilleri,Cornelius.Camilleri@gmail.com
Scot,Smullen,M,ssmullen,Scot.Smullen@gmail.com
Burt,Bosco,M,bbosco,Burt.Bosco@gmail.com
Eddie,Eby,M,eeby,Eddie.Eby@gmail.com
Cory,Cedillo,M,ccedillo,Cory.Cedillo@gmail.com
Darrin,Draeger,M,ddraeger,Darrin.Draeger@gmail.com
Chauncey,Caddy,M,ccaddy,Chauncey.Caddy@gmail.com
Malcom,Magnus,M,mmagnus,Malcom.Magnus@gmail.com
Aaron,Arthur,M,aarthur,Aaron.Arthur@gmail.com
Carmelo,Clodfelter,M,cclodfelter1,Carmelo.Clodfelter@gmail.com
Jordon,Joslin,M,jjoslin,Jordon.Joslin@gmail.com
Barney,Bartsch,M,bbartsch,Barney.Bartsch@gmail.com
Alvin,Accardo,M,aaccardo,Alvin.Accardo@gmail.com
Lon,Lenhardt,M,llenhardt,Lon.Lenhardt@gmail.com
Trenton,Torgrimson,M,ttorgrimson,Trenton.Torgrimson@gmail.com
Werner,Wann,M,wwann,Werner.Wann@gmail.com
Gale,Gwyn,M,ggwyn,Gale.Gwyn@gmail.com
Dave,Delarosa,M,ddelarosa1,Dave.Delarosa@gmail.com
Jess,Jent,M,jjent,Jess.Jent@gmail.com
Kelvin,Knorr,M,kknorr,Kelvin.Knorr@gmail.com
Brent,Burry,M,bburry,Brent.Burry@gmail.com
Dewayne,Dibiase,M,ddibiase,Dewayne.Dibiase@gmail.com
Otis,Outlaw,M,ooutlaw,Otis.Outlaw@gmail.com
Shad,Shurtz,M,sshurtz,Shad.Shurtz@gmail.com
Nathan,Nicks,M,nnicks,Nathan.Nicks@gmail.com
Myron,Munns,M,mmunns1,Myron.Munns@gmail.com
Marcel,Minyard,M,mminyard,Marcel.Minyard@gmail.com
Lester,Leinen,M,lleinen,Lester.Leinen@gmail.com
George,Gondek,M,ggondek,George.Gondek@gmail.com
Dusty,Dixson,M,ddixson,Dusty.Dixson@gmail.com
Terrance,Tingey,M,ttingey,Terrance.Tingey@gmail.com
Long,Large,M,llarge,Long.Large@gmail.com
Eusebio,Endsley,M,eendsley,Eusebio.Endsley@gmail.com
Elias,Estelle,M,eestelle,Elias.Estelle@gmail.com
Matt,Manigault,M,mmanigault,Matt.Manigault@gmail.com
Inga,Ishida,F,iishida,Inga.Ishida@gmail.com
Lesha,Lapp,F,llapp1,Lesha.Lapp@gmail.com
Sharan,Sigmon,F,ssigmon,Sharan.Sigmon@gmail.com
Talitha,Thomas,F,tthomas,Talitha.Thomas@gmail.com
Josephina,Jasmin,F,jjasmin,Josephina.Jasmin@gmail.com
Joanie,Jeffrey,F,jjeffrey,Joanie.Jeffrey@gmail.com
Lois,Lovett,F,llovett,Lois.Lovett@gmail.com
Jacquelyn,Josephson,F,jjosephson,Jacquelyn.Josephson@gmail.com
Agnus,Alicea,F,aalicea,Agnus.Alicea@gmail.com
Natalya,Navarrette,F,nnavarrette,Natalya.Navarrette@gmail.com
Danille,Decola,F,ddecola,Danille.Decola@gmail.com
Tashina,Teneyck,F,tteneyck,Tashina.Teneyck@gmail.com
Kayla,Kubacki,F,kkubacki,Kayla.Kubacki@gmail.com
Carri,Cobbs,F,ccobbs,Carri.Cobbs@gmail.com
Angla,Alper,F,aalper,Angla.Alper@gmail.com
Lissette,Lauritsen,F,llauritsen,Lissette.Lauritsen@gmail.com
Elsy,Elton,F,eelton,Elsy.Elton@gmail.com
Laree,Lindstedt,F,llindstedt,Laree.Lindstedt@gmail.com
Tillie,Tames,F,ttames,Tillie.Tames@gmail.com
Charlesetta,Cooper,F,ccooper,Charlesetta.Cooper@gmail.com
Kitty,Kupfer,F,kkupfer,Kitty.Kupfer@gmail.com
Qiana,Querry,F,qquerry1,Qiana.Querry@gmail.com
Kristie,Kegley,F,kkegley,Kristie.Kegley@gmail.com
Jackeline,Jelks,F,jjelks,Jackeline.Jelks@gmail.com
Amee,Ackerley,F,aackerley,Amee.Ackerley@gmail.com
Janise,Juel,F,jjuel,Janise.Juel@gmail.com
Dara,Dusenberry,F,ddusenberry,Dara.Dusenberry@gmail.com
Corene,Constante,F,cconstante,Corene.Constante@gmail.com
Verline,Vantassel,F,vvantassel,Verline.Vantassel@gmail.com
Daniela,Dray,F,ddray,Daniela.Dray@gmail.com
Maurita,Mccown,F,mmccown,Maurita.Mccown@gmail.com
Delora,Deschaine,F,ddeschaine,Delora.Deschaine@gmail.com
Wynona,Wightman,F,wwightman,Wynona.Wightman@gmail.com
Violeta,Vanzile,F,vvanzile,Violeta.Vanzile@gmail.com
Kandi,Killian,F,kkillian,Kandi.Killian@gmail.com
Debbra,Dorais,F,ddorais,Debbra.Dorais@gmail.com
Jacelyn,Jeremiah,F,jjeremiah,Jacelyn.Jeremiah@gmail.com
Felecia,Fiorito,F,ffiorito,Felecia.Fiorito@gmail.com
Josephine,Jobst,F,jjobst,Josephine.Jobst@gmail.com
Emogene,Eriksson,F,eeriksson,Emogene.Eriksson@gmail.com
Oma,Orme,F,oorme,Oma.Orme@gmail.com
Samantha,Sampley,F,ssampley,Samantha.Sampley@gmail.com
Arlene,Ardoin,F,aardoin,Arlene.Ardoin@gmail.com
Joelle,Judon,F,jjudon,Joelle.Judon@gmail.com
Margit,Mcnulty,F,mmcnulty,Margit.Mcnulty@gmail.com
Dayna,Delarosa,F,ddelarosa,Dayna.Delarosa@gmail.com
Vickey,Valenzula,F,vvalenzula,Vickey.Valenzula@gmail.com
Valentina,Valencia,F,vvalencia,Valentina.Valencia@gmail.com
Mardell,Markowitz,F,mmarkowitz,Mardell.Markowitz@gmail.com
Raven,Reams,F,rreams,Raven.Reams@gmail.com
Jesusita,Judah,F,jjudah,Jesusita.Judah@gmail.com
Maryjo,Murrow,F,mmurrow,Maryjo.Murrow@gmail.com
Verlie,Vandyne,F,vvandyne,Verlie.Vandyne@gmail.com
Donetta,Dotts,F,ddotts,Donetta.Dotts@gmail.com
My,Motes,F,mmotes,My.Motes@gmail.com
Merrilee,Marotta,F,mmarotta,Merrilee.Marotta@gmail.com
Bao,Brow,F,bbrow,Bao.Brow@gmail.com
Britni,Barfield,F,bbarfield,Britni.Barfield@gmail.com
Alyson,Alcantar,F,aalcantar,Alyson.Alcantar@gmail.com
Betsey,Burfield,F,bburfield,Betsey.Burfield@gmail.com
Pei,Perea,F,pperea,Pei.Perea@gmail.com
Debbi,Dewees,F,ddewees,Debbi.Dewees@gmail.com
Dorris,Durrell,F,ddurrell,Dorris.Durrell@gmail.com
Kylee,Krok,F,kkrok,Kylee.Krok@gmail.com
Renda,Riva,F,rriva,Renda.Riva@gmail.com
Marti,Mantilla,F,mmantilla,Marti.Mantilla@gmail.com
Sona,Schueler,F,sschueler,Sona.Schueler@gmail.com
Daisey,Dudash,F,ddudash,Daisey.Dudash@gmail.com
Agatha,Arreguin,F,aarreguin,Agatha.Arreguin@gmail.com
Ling,Lundberg,F,llundberg1,Ling.Lundberg@gmail.com
Tisa,Toy,F,ttoy,Tisa.Toy@gmail.com
Lara,Leopard,F,lleopard,Lara.Leopard@gmail.com
Lisbeth,Lett,F,llett,Lisbeth.Lett@gmail.com
Kristle,Kirklin,F,kkirklin,Kristle.Kirklin@gmail.com
Caroline,Chapell,F,cchapell,Caroline.Chapell@gmail.com
Davida,Defazio,F,ddefazio,Davida.Defazio@gmail.com
Judy,Jefcoat,F,jjefcoat,Judy.Jefcoat@gmail.com
Zoe,Zheng,F,zzheng,Zoe.Zheng@gmail.com
Ileen,Inglis,F,iinglis,Ileen.Inglis@gmail.com
Eladia,Exner,F,eexner,Eladia.Exner@gmail.com
Kirsten,Kinnear,F,kkinnear,Kirsten.Kinnear@gmail.com
Zenia,Zambrana,F,zzambrana,Zenia.Zambrana@gmail.com
Sha,Sloane,F,ssloane,Sha.Sloane@gmail.com
Shanice,Scruggs,F,sscruggs,Shanice.Scruggs@gmail.com
Clemmie,Carreiro,F,ccarreiro,Clemmie.Carreiro@gmail.com
Melaine,Mattoon,F,mmattoon,Melaine.Mattoon@gmail.com
Vera,Vanslyke,F,vvanslyke,Vera.Vanslyke@gmail.com
Markita,Militello,F,mmilitello,Markita.Militello@gmail.com
Veronika,Vanmatre,F,vvanmatre,Veronika.Vanmatre@gmail.com
Verdell,Villescas,F,vvillescas,Verdell.Villescas@gmail.com
Olivia,Orzechowski,F,oorzechowski,Olivia.Orzechowski@gmail.com
Yang,Yowell,F,yyowell,Yang.Yowell@gmail.com
Bernardina,Buggs,F,bbuggs,Bernardina.Buggs@gmail.com
Takisha,Thorson,F,tthorson,Takisha.Thorson@gmail.com
Miriam,Marshal,F,mmarshal,Miriam.Marshal@gmail.com
Gina,Gobble,F,ggobble,Gina.Gobble@gmail.com
Elenore,Eadie,F,eeadie,Elenore.Eadie@gmail.com
Francine,Foston,F,ffoston,Francine.Foston@gmail.com
Willa,Webber,F,wwebber,Willa.Webber@gmail.com
Danyell,Dinger,F,ddinger,Danyell.Dinger@gmail.com
Marianna,Merkle,F,mmerkle,Marianna.Merkle@gmail.com
Simonne,Stigall,F,sstigall,Simonne.Stigall@gmail.com
Vonnie,Vives,F,vvives,Vonnie.Vives@gmail.com
Lola,Litherland,F,llitherland,Lola.Litherland@gmail.com
Sabina,Stickel,F,sstickel,Sabina.Stickel@gmail.com
Nicol,Naab,F,nnaab,Nicol.Naab@gmail.com
Dierdre,Dreyer,F,ddreyer,Dierdre.Dreyer@gmail.com
Liliana,Levell,F,llevell,Liliana.Levell@gmail.com
Tommye,Testani,F,ttestani,Tommye.Testani@gmail.com
Shawnee,Sholar,F,ssholar,Shawnee.Sholar@gmail.com
Ludie,Ladner,F,lladner1,Ludie.Ladner@gmail.com
Jina,Jerrell,F,jjerrell,Jina.Jerrell@gmail.com
Shenna,Skillern,F,sskillern,Shenna.Skillern@gmail.com
Corazon,Cockburn,F,ccockburn,Corazon.Cockburn@gmail.com
Matha,Mosely,F,mmosely,Matha.Mosely@gmail.com
Regina,Rehman,F,rrehman,Regina.Rehman@gmail.com
Raylene,Ratcliffe,F,rratcliffe,Raylene.Ratcliffe@gmail.com
Claudia,Carnes,F,ccarnes,Claudia.Carnes@gmail.com
Sophia,Snedeker,F,ssnedeker,Sophia.Snedeker@gmail.com
Serafina,Said,F,ssaid,Serafina.Said@gmail.com
Mistie,Minchew,F,mminchew,Mistie.Minchew@gmail.com
Lawanna,Lawler,F,llawler1,Lawanna.Lawler@gmail.com
Ramona,Ringgold,F,rringgold,Ramona.Ringgold@gmail.com
Beverlee,Berrey,F,bberrey,Beverlee.Berrey@gmail.com
Sherie,Schnitzer,F,sschnitzer,Sherie.Schnitzer@gmail.com
Corrin,Crowden,F,ccrowden,Corrin.Crowden@gmail.com
Sau,Sutliff,F,ssutliff,Sau.Sutliff@gmail.com
Eliz,Eager,F,eeager,Eliz.Eager@gmail.com
Annemarie,Arnott,F,aarnott,Annemarie.Arnott@gmail.com
Mana,Munns,F,mmunns,Mana.Munns@gmail.com
Calandra,Chacon,F,cchacon,Calandra.Chacon@gmail.com
Tasia,Tisby,F,ttisby,Tasia.Tisby@gmail.com
Reagan,Randle,F,rrandle,Reagan.Randle@gmail.com
Adriana,Annis,F,aannis,Adriana.Annis@gmail.com
Francoise,Feltz,F,ffeltz,Francoise.Feltz@gmail.com
Kelli,Kindel,F,kkindel,Kelli.Kindel@gmail.com
Aletha,Armas,F,aarmas,Aletha.Armas@gmail.com
Herma,Hollen,F,hhollen,Herma.Hollen@gmail.com
Vashti,Vanness,F,vvanness,Vashti.Vanness@gmail.com
Bernadine,Brawn,F,bbrawn,Bernadine.Brawn@gmail.com
Kathryn,Keathley,F,kkeathley,Kathryn.Keathley@gmail.com
Leonie,Lamp,F,llamp,Leonie.Lamp@gmail.com
Naomi,Number,F,nnumber,Naomi.Number@gmail.com
Moriah,Magallanes,F,mmagallanes,Moriah.Magallanes@gmail.com
Janell,July,F,jjuly,Janell.July@gmail.com
Karon,Kervin,F,kkervin,Karon.Kervin@gmail.com
Lillian,Langworthy,F,llangworthy,Lillian.Langworthy@gmail.com
Kamala,Kalinowski,F,kkalinowski,Kamala.Kalinowski@gmail.com
Mackenzie,Morman,F,mmorman,Mackenzie.Morman@gmail.com
Cassi,Cornish,F,ccornish,Cassi.Cornish@gmail.com
Herminia,Hori,F,hhori,Herminia.Hori@gmail.com
Vivian,Vasquez,F,vvasquez,Vivian.Vasquez@gmail.com
Myesha,Merz,F,mmerz,Myesha.Merz@gmail.com
Manuela,Moreno,F,mmoreno,Manuela.Moreno@gmail.com
Tasha,Toye,F,ttoye,Tasha.Toye@gmail.com
Lulu,Lustig,F,llustig,Lulu.Lustig@gmail.com
Olga,Oehler,F,ooehler,Olga.Oehler@gmail.com
Lourdes,Lopes,F,llopes,Lourdes.Lopes@gmail.com
Daniell,Deanda,F,ddeanda,Daniell.Deanda@gmail.com
Suzann,Schirmer,F,sschirmer,Suzann.Schirmer@gmail.com
Yasmin,Yeoman,F,yyeoman1,Yasmin.Yeoman@gmail.com
Melania,Mackson,F,mmackson,Melania.Mackson@gmail.com
Thao,Toole,F,ttoole,Thao.Toole@gmail.com
Jolene,Jardine,F,jjardine,Jolene.Jardine@gmail.com
Takako,Tusing,F,ttusing,Takako.Tusing@gmail.com
Lorilee,Lipinski,F,llipinski,Lorilee.Lipinski@gmail.com
Maggie,Mayhue,F,mmayhue,Maggie.Mayhue@gmail.com
Clarita,Cool,F,ccool,Clarita.Cool@gmail.com
Melynda,Mcmillan,F,mmcmillan,Melynda.Mcmillan@gmail.com
Kattie,Kump,F,kkump,Kattie.Kump@gmail.com
Adrianna,Albritton,F,aalbritton,Adrianna.Albritton@gmail.com
Brandy,Blankinship,F,bblankinship,Brandy.Blankinship@gmail.com
Veda,Viola,F,vviola,Veda.Viola@gmail.com
Dora,Dagley,F,ddagley1,Dora.Dagley@gmail.com
Ilda,Ingraham,F,iingraham,Ilda.Ingraham@gmail.com
Annelle,Askins,F,aaskins,Annelle.Askins@gmail.com
Deneen,Duda,F,dduda,Deneen.Duda@gmail.com
Marguerite,Murphey,F,mmurphey,Marguerite.Murphey@gmail.com
Azalee,Arras,F,aarras,Azalee.Arras@gmail.com
Genna,Gabourel,F,ggabourel,Genna.Gabourel@gmail.com
Lore,Lanier,F,llanier,Lore.Lanier@gmail.com
Rivka,Ruddy,F,rruddy,Rivka.Ruddy@gmail.com
Marna,Madore,F,mmadore,Marna.Madore@gmail.com
Min,Minner,F,mminner,Min.Minner@gmail.com
Dagmar,Devereux,F,ddevereux,Dagmar.Devereux@gmail.com
Reanna,Radice,F,rradice,Reanna.Radice@gmail.com
Carlene,Cumming,F,ccumming,Carlene.Cumming@gmail.com
Deja,Dowdle,F,ddowdle,Deja.Dowdle@gmail.com
Babette,Birge,F,bbirge,Babette.Birge@gmail.com
Lean,Lout,F,llout,Lean.Lout@gmail.com
Niki,Noles,F,nnoles,Niki.Noles@gmail.com
Desiree,Danos,F,ddanos,Desiree.Danos@gmail.com
Cherlyn,Calloway,F,ccalloway,Cherlyn.Calloway@gmail.com
Ramonita,Rupp,F,rrupp,Ramonita.Rupp@gmail.com
Marta,Mcdavid,F,mmcdavid,Marta.Mcdavid@gmail.com
Maira,Mckinny,F,mmckinny,Maira.Mckinny@gmail.com
Lecia,Lovejoy,F,llovejoy,Lecia.Lovejoy@gmail.com
Phung,Preas,F,ppreas,Phung.Preas@gmail.com
Cyndi,Cabello,F,ccabello,Cyndi.Cabello@gmail.com
Kerrie,Keffer,F,kkeffer,Kerrie.Keffer@gmail.com
Bridgett,Blandon,F,bblandon,Bridgett.Blandon@gmail.com
Letty,Laine,F,llaine,Letty.Laine@gmail.com
Reena,Ribble,F,rribble,Reena.Ribble@gmail.com
Shila,Saidi,F,ssaidi,Shila.Saidi@gmail.com
Catrice,Cusimano,F,ccusimano,Catrice.Cusimano@gmail.com
Marth,Mcinturff,F,mmcinturff,Marth.Mcinturff@gmail.com
Na,Nickles,F,nnickles,Na.Nickles@gmail.com
Twana,Tillison,F,ttillison,Twana.Tillison@gmail.com
Tula,Toro,F,ttoro,Tula.Toro@gmail.com
Latricia,Larimore,F,llarimore,Latricia.Larimore@gmail.com
Tenisha,Tunney,F,ttunney,Tenisha.Tunney@gmail.com
Hester,Hazard,F,hhazard,Hester.Hazard@gmail.com
Lashaun,Lukasik,F,llukasik,Lashaun.Lukasik@gmail.com
Kandra,Knaack,F,kknaack,Kandra.Knaack@gmail.com
Melany,Marple,F,mmarple,Melany.Marple@gmail.com
Rosemary,Rayo,F,rrayo,Rosemary.Rayo@gmail.com
Pearly,Parvin,F,pparvin,Pearly.Parvin@gmail.com
Dorthy,Dorris,F,ddorris,Dorthy.Dorris@gmail.com
Hilary,Horner,F,hhorner,Hilary.Horner@gmail.com
Soo,Silvestre,F,ssilvestre,Soo.Silvestre@gmail.com
Louann,Leung,F,lleung,Louann.Leung@gmail.com
Kristi,Kempker,F,kkempker,Kristi.Kempker@gmail.com
Keely,Karr,F,kkarr,Keely.Karr@gmail.com
Gracie,Guyer,F,gguyer,Gracie.Guyer@gmail.com
Zenobia,Zayas,F,zzayas,Zenobia.Zayas@gmail.com
Chaya,Cordes,F,ccordes,Chaya.Cordes@gmail.com
Kary,Kitchens,F,kkitchens,Kary.Kitchens@gmail.com
Nelly,Niday,F,nniday,Nelly.Niday@gmail.com
Jennie,Jolliff,F,jjolliff,Jennie.Jolliff@gmail.com
Florrie,Fults,F,ffults,Florrie.Fults@gmail.com
Faith,Foraker,F,fforaker,Faith.Foraker@gmail.com
Liane,Lierman,F,llierman,Liane.Lierman@gmail.com
Suzette,Sheller,F,ssheller,Suzette.Sheller@gmail.com
Adina,Auslander,F,aauslander,Adina.Auslander@gmail.com
Linda,Lundberg,F,llundberg,Linda.Lundberg@gmail.com
Tinisha,Timmerman,F,ttimmerman,Tinisha.Timmerman@gmail.com
Stephani,Sheely,F,ssheely,Stephani.Sheely@gmail.com
Johnette,Justin,F,jjustin,Johnette.Justin@gmail.com
India,Ireland,F,iireland,India.Ireland@gmail.com
Bebe,Buchannon,F,bbuchannon,Bebe.Buchannon@gmail.com
Clare,Cline,F,ccline,Clare.Cline@gmail.com
Yen,Yelverton,F,yyelverton,Yen.Yelverton@gmail.com
Beulah,Burkhalter,F,bburkhalter,Beulah.Burkhalter@gmail.com
Rosalinda,Rogerson,F,rrogerson,Rosalinda.Rogerson@gmail.com
Mariko,Mccourt,F,mmccourt,Mariko.Mccourt@gmail.com
Tarra,Trimm,F,ttrimm,Tarra.Trimm@gmail.com
Lessie,Lundeen,F,llundeen,Lessie.Lundeen@gmail.com
Yun,Younan,F,yyounan,Yun.Younan@gmail.com
Angelique,Amann,F,aamann,Angelique.Amann@gmail.com
Valeri,Vanderburg,F,vvanderburg,Valeri.Vanderburg@gmail.com
Odilia,Outen,F,oouten,Odilia.Outen@gmail.com
Shirlene,Shutts,F,sshutts,Shirlene.Shutts@gmail.com
Adena,Abrev,F,aabrev,Adena.Abrev@gmail.com
Herta,Hesler,F,hhesler,Herta.Hesler@gmail.com
Robena,Roeser,F,rroeser,Robena.Roeser@gmail.com
Shanell,Sitsler,F,ssitsler,Shanell.Sitsler@gmail.com
Jeannie,Johanson,F,jjohanson,Jeannie.Johanson@gmail.com
Kaye,Kucera,F,kkucera,Kaye.Kucera@gmail.com
Nicola,Noone,F,nnoone,Nicola.Noone@gmail.com
Tonja,Torrain,F,ttorrain,Tonja.Torrain@gmail.com
Wava,Woolwine,F,wwoolwine,Wava.Woolwine@gmail.com
Marline,Mcauley,F,mmcauley,Marline.Mcauley@gmail.com
Alia,Ahmad,F,aahmad,Alia.Ahmad@gmail.com
Arline,Amick,F,aamick,Arline.Amick@gmail.com
Shauna,Shaddix,F,sshaddix,Shauna.Shaddix@gmail.com
Faye,Filippelli,F,ffilippelli,Faye.Filippelli@gmail.com
Annabel,Alford,F,aalford,Annabel.Alford@gmail.com
Denna,Dennie,F,ddennie,Denna.Dennie@gmail.com
Aida,Albers,F,aalbers,Aida.Albers@gmail.com
Miranda,Mullarkey,F,mmullarkey,Miranda.Mullarkey@gmail.com
Leisa,Lapp,F,llapp,Leisa.Lapp@gmail.com
Rosanna,Rasmussen,F,rrasmussen,Rosanna.Rasmussen@gmail.com
Raisa,Rambert,F,rrambert,Raisa.Rambert@gmail.com
Emelina,Epstein,F,eepstein,Emelina.Epstein@gmail.com
Felisha,Fodor,F,ffodor,Felisha.Fodor@gmail.com
Ocie,Osornio,F,oosornio,Ocie.Osornio@gmail.com
Erlene,Erb,F,eerb,Erlene.Erb@gmail.com
Yung,Yeoman,F,yyeoman,Yung.Yeoman@gmail.com
Erminia,Eisen,F,eeisen,Erminia.Eisen@gmail.com
Anette,Anstine,F,aanstine1,Anette.Anstine@gmail.com
Dacia,Donathan,F,ddonathan,Dacia.Donathan@gmail.com
Kristyn,Klocke,F,kklocke,Kristyn.Klocke@gmail.com
Colleen,Cocco,F,ccocco,Colleen.Cocco@gmail.com
Pauletta,Polito,F,ppolito,Pauletta.Polito@gmail.com
Idell,Ison,F,iison,Idell.Ison@gmail.com
Latina,Liner,F,lliner,Latina.Liner@gmail.com
Emely,Eldridge,F,eeldridge,Emely.Eldridge@gmail.com
Rosia,Ryland,F,rryland,Rosia.Ryland@gmail.com
Rhiannon,Radtke,F,rradtke,Rhiannon.Radtke@gmail.com
Rosena,Riccio,F,rriccio,Rosena.Riccio@gmail.com
Charlsie,Cozad,F,ccozad,Charlsie.Cozad@gmail.com
Jannet,Jacobo,F,jjacobo,Jannet.Jacobo@gmail.com
Roxie,Repass,F,rrepass,Roxie.Repass@gmail.com
Amber,Aarons,F,aaarons,Amber.Aarons@gmail.com
Patty,Penfold,F,ppenfold,Patty.Penfold@gmail.com
Tennille,Tawil,F,ttawil,Tennille.Tawil@gmail.com
Samella,Shultz,F,sshultz,Samella.Shultz@gmail.com
Ashlyn,Anker,F,aanker,Ashlyn.Anker@gmail.com
Alyssa,Aasen,F,aaasen,Alyssa.Aasen@gmail.com
Eileen,Erne,F,eerne,Eileen.Erne@gmail.com
Angella,Alber,F,aalber,Angella.Alber@gmail.com
Rosita,Roughton,F,rroughton,Rosita.Roughton@gmail.com
Lannie,Lamkin,F,llamkin,Lannie.Lamkin@gmail.com
Kimbra,Kuhn,F,kkuhn,Kimbra.Kuhn@gmail.com
Latasha,Lines,F,llines,Latasha.Lines@gmail.com
Rebecca,Radosevich,F,rradosevich,Rebecca.Radosevich@gmail.com
Stephaine,Sosebee,F,ssosebee,Stephaine.Sosebee@gmail.com
Georgann,Gossman,F,ggossman,Georgann.Gossman@gmail.com
Shantell,Sabol,F,ssabol,Shantell.Sabol@gmail.com
Lyla,Lovely,F,llovely,Lyla.Lovely@gmail.com
Teressa,Tallman,F,ttallman,Teressa.Tallman@gmail.com
Amanda,Amundsen,F,aamundsen,Amanda.Amundsen@gmail.com
Kazuko,Karpinski,F,kkarpinski,Kazuko.Karpinski@gmail.com
Juanita,Jorgenson,F,jjorgenson,Juanita.Jorgenson@gmail.com
Cleotilde,Clodfelter,F,cclodfelter,Cleotilde.Clodfelter@gmail.com
Mercedez,Mayle,F,mmayle,Mercedez.Mayle@gmail.com
Roni,Riddle,F,rriddle,Roni.Riddle@gmail.com
Denae,Daoust,F,ddaoust,Denae.Daoust@gmail.com
Katherin,Kingsland,F,kkingsland,Katherin.Kingsland@gmail.com
Olinda,Orange,F,oorange,Olinda.Orange@gmail.com
Casimira,Cornette,F,ccornette,Casimira.Cornette@gmail.com
Cecila,Carranco,F,ccarranco,Cecila.Carranco@gmail.com
Lissa,Ladner,F,lladner,Lissa.Ladner@gmail.com
Prudence,Pichette,F,ppichette,Prudence.Pichette@gmail.com
Chan,Cadwell,F,ccadwell,Chan.Cadwell@gmail.com
Chia,Como,F,ccomo,Chia.Como@gmail.com
Marine,Mcclung,F,mmcclung,Marine.Mcclung@gmail.com
Gwyn,Grasty,F,ggrasty,Gwyn.Grasty@gmail.com
Oretha,Ohare,F,oohare,Oretha.Ohare@gmail.com
Jerica,Justus,F,jjustus,Jerica.Justus@gmail.com
Coletta,Chaparro,F,cchaparro,Coletta.Chaparro@gmail.com
Rubi,Remo,F,rremo,Rubi.Remo@gmail.com
Akiko,Apodaca,F,aapodaca,Akiko.Apodaca@gmail.com
Carmelina,Crusoe,F,ccrusoe,Carmelina.Crusoe@gmail.com
Demetra,Dubreuil,F,ddubreuil,Demetra.Dubreuil@gmail.com
Yelena,Yen,F,yyen,Yelena.Yen@gmail.com
Halina,Hermansen,F,hhermansen,Halina.Hermansen@gmail.com
Margart,Mccook,F,mmccook,Margart.Mccook@gmail.com
Yahaira,Yamada,F,yyamada,Yahaira.Yamada@gmail.com
Kum,Kremer,F,kkremer,Kum.Kremer@gmail.com
Lavonna,Lawler,F,llawler,Lavonna.Lawler@gmail.com
Sanjuanita,Schuetz,F,sschuetz,Sanjuanita.Schuetz@gmail.com
Winifred,Wills,F,wwills,Winifred.Wills@gmail.com
Willow,Wadlow,F,wwadlow,Willow.Wadlow@gmail.com
Joanne,Juhl,F,jjuhl,Joanne.Juhl@gmail.com
Elidia,Embree,F,eembree,Elidia.Embree@gmail.com
Laurena,Lusk,F,llusk,Laurena.Lusk@gmail.com
Pinkie,Peltz,F,ppeltz,Pinkie.Peltz@gmail.com
Chloe,Cue,F,ccue,Chloe.Cue@gmail.com
Loreta,Lanterman,F,llanterman,Loreta.Lanterman@gmail.com
Arminda,Amorim,F,aamorim,Arminda.Amorim@gmail.com
Mercedes,Monte,F,mmonte,Mercedes.Monte@gmail.com
Roslyn,Roehrig,F,rroehrig,Roslyn.Roehrig@gmail.com
Chae,Cliett,F,ccliett,Chae.Cliett@gmail.com
Kecia,Kentner,F,kkentner,Kecia.Kentner@gmail.com
Alease,Anstine,F,aanstine,Alease.Anstine@gmail.com
Vasiliki,Vanarsdale,F,vvanarsdale,Vasiliki.Vanarsdale@gmail.com
Providencia,Pinder,F,ppinder,Providencia.Pinder@gmail.com
Willette,Wedding,F,wwedding,Willette.Wedding@gmail.com
Marceline,Maine,F,mmaine,Marceline.Maine@gmail.com
Lyn,Lafon,F,llafon,Lyn.Lafon@gmail.com
Mickie,Madera,F,mmadera,Mickie.Madera@gmail.com
Gracia,Gadison,F,ggadison,Gracia.Gadison@gmail.com
Joycelyn,Jervis,F,jjervis,Joycelyn.Jervis@gmail.com
Flavia,Foreman,F,fforeman,Flavia.Foreman@gmail.com
Joi,Jong,F,jjong,Joi.Jong@gmail.com
Martha,Molinar,F,mmolinar,Martha.Molinar@gmail.com
Susie,Sharer,F,ssharer,Susie.Sharer@gmail.com
Rima,Rosse,F,rrosse,Rima.Rosse@gmail.com
Leann,Lucero,F,llucero,Leann.Lucero@gmail.com
Tawanna,Tye,F,ttye,Tawanna.Tye@gmail.com
Ariana,Agudelo,F,aagudelo,Ariana.Agudelo@gmail.com
Trudy,Teaster,F,tteaster,Trudy.Teaster@gmail.com
Roxanna,Romanik,F,rromanik,Roxanna.Romanik@gmail.com
Kathern,Kinnaird,F,kkinnaird,Kathern.Kinnaird@gmail.com
Emerita,Engelhard,F,eengelhard,Emerita.Engelhard@gmail.com
Cynthia,Compo,F,ccompo,Cynthia.Compo@gmail.com
Katrice,Krebbs,F,kkrebbs,Katrice.Krebbs@gmail.com
Tena,Thormahlen,F,tthormahlen,Tena.Thormahlen@gmail.com
Suzi,Scarboro,F,sscarboro,Suzi.Scarboro@gmail.com
Genevieve,Grabowski,F,ggrabowski,Genevieve.Grabowski@gmail.com
Kassie,Kaestner,F,kkaestner,Kassie.Kaestner@gmail.com
Henriette,Hoose,F,hhoose,Henriette.Hoose@gmail.com
Cassandra,Calle,F,ccalle,Cassandra.Calle@gmail.com
Alexia,Achenbach,F,aachenbach,Alexia.Achenbach@gmail.com
Maurine,Mcclure,F,mmcclure,Maurine.Mcclure@gmail.com
Nerissa,Nelms,F,nnelms,Nerissa.Nelms@gmail.com
Enola,Ellingwood,F,eellingwood,Enola.Ellingwood@gmail.com
Dolores,Daugherty,F,ddaugherty,Dolores.Daugherty@gmail.com
Macie,Mealey,F,mmealey,Macie.Mealey@gmail.com
Carmela,Carpino,F,ccarpino,Carmela.Carpino@gmail.com
Sibyl,Sneller,F,ssneller,Sibyl.Sneller@gmail.com
Marlene,Munk,F,mmunk,Marlene.Munk@gmail.com
Dorothy,Duke,F,dduke,Dorothy.Duke@gmail.com
Malika,Mccardle,F,mmccardle,Malika.Mccardle@gmail.com
Maris,Matte,F,mmatte,Maris.Matte@gmail.com
Dian,Dolby,F,ddolby,Dian.Dolby@gmail.com
Dorinda,Dorazio,F,ddorazio,Dorinda.Dorazio@gmail.com
Amira,Azcona,F,aazcona,Amira.Azcona@gmail.com
Elza,Edgley,F,eedgley,Elza.Edgley@gmail.com
Renae,Rollison,F,rrollison,Renae.Rollison@gmail.com
Eneida,Edmundson,F,eedmundson,Eneida.Edmundson@gmail.com
Eleanor,Erickson,F,eerickson,Eleanor.Erickson@gmail.com
Clorinda,Cullum,F,ccullum,Clorinda.Cullum@gmail.com
Natisha,Nunnally,F,nnunnally,Natisha.Nunnally@gmail.com
Octavia,Oquin,F,ooquin,Octavia.Oquin@gmail.com
Marie,Magallon,F,mmagallon,Marie.Magallon@gmail.com
Alleen,Andrew,F,aandrew,Alleen.Andrew@gmail.com
Allegra,Alire,F,aalire,Allegra.Alire@gmail.com
Kaley,Kridler,F,kkridler,Kaley.Kridler@gmail.com
Viola,Vandine,F,vvandine,Viola.Vandine@gmail.com
Mika,Moua,F,mmoua,Mika.Moua@gmail.com
Lottie,Lepine,F,llepine,Lottie.Lepine@gmail.com
Bibi,Bhatt,F,bbhatt,Bibi.Bhatt@gmail.com
Francie,Finlay,F,ffinlay,Francie.Finlay@gmail.com
Etta,Ekhoff,F,eekhoff,Etta.Ekhoff@gmail.com
Vernell,Vines,F,vvines,Vernell.Vines@gmail.com
Burma,Bellah,F,bbellah,Burma.Bellah@gmail.com
Pearl,Pappas,F,ppappas,Pearl.Pappas@gmail.com
Vannesa,Villalta,F,vvillalta,Vannesa.Villalta@gmail.com
Margaret,Mctaggart,F,mmctaggart,Margaret.Mctaggart@gmail.com
Diamond,Darrigo,F,ddarrigo,Diamond.Darrigo@gmail.com
Sharilyn,Spicher,F,sspicher,Sharilyn.Spicher@gmail.com
Rhona,Rockey,F,rrockey,Rhona.Rockey@gmail.com
Joyce,Jines,F,jjines,Joyce.Jines@gmail.com
Renee,Repka,F,rrepka,Renee.Repka@gmail.com
Anamaria,Amesquita,F,aamesquita,Anamaria.Amesquita@gmail.com
Brigid,Bacchus,F,bbacchus,Brigid.Bacchus@gmail.com
Elicia,Edmond,F,eedmond,Elicia.Edmond@gmail.com
Nida,Newsome,F,nnewsome,Nida.Newsome@gmail.com
Valery,Vetter,F,vvetter,Valery.Vetter@gmail.com
Charlene,Cargle,F,ccargle,Charlene.Cargle@gmail.com
Marietta,Madonia,F,mmadonia,Marietta.Madonia@gmail.com
Noelle,Noble,F,nnoble,Noelle.Noble@gmail.com
Rubye,Rawls,F,rrawls,Rubye.Rawls@gmail.com
Vanna,Vazques,F,vvazques,Vanna.Vazques@gmail.com
An,Abdulla,F,aabdulla,An.Abdulla@gmail.com
Noriko,Narducci,F,nnarducci,Noriko.Narducci@gmail.com
Leonor,Lard,F,llard,Leonor.Lard@gmail.com
Anastasia,Abee,F,aabee,Anastasia.Abee@gmail.com
Shella,Shoop,F,sshoop,Shella.Shoop@gmail.com
Jerrica,June,F,jjune,Jerrica.June@gmail.com
Ethelene,Ehrhart,F,eehrhart,Ethelene.Ehrhart@gmail.com
Peggy,Pea,F,ppea,Peggy.Pea@gmail.com
Jenelle,Johansen,F,jjohansen,Jenelle.Johansen@gmail.com
Ida,Italiano,F,iitaliano,Ida.Italiano@gmail.com
Christal,Castillo,F,ccastillo,Christal.Castillo@gmail.com
Ozella,Okane,F,ookane,Ozella.Okane@gmail.com
Arleen,Ashbaugh,F,aashbaugh,Arleen.Ashbaugh@gmail.com
Patrica,Poorman,F,ppoorman,Patrica.Poorman@gmail.com
Maude,Mchargue,F,mmchargue,Maude.Mchargue@gmail.com
Tonda,Tudor,F,ttudor,Tonda.Tudor@gmail.com
Marnie,Merrill,F,mmerrill,Marnie.Merrill@gmail.com
Avril,Auerbach,F,aauerbach,Avril.Auerbach@gmail.com
Trista,Turgeon,F,tturgeon,Trista.Turgeon@gmail.com
Elke,Eich,F,eeich,Elke.Eich@gmail.com
Lavina,Lynd,F,llynd,Lavina.Lynd@gmail.com
Kandice,Kunst,F,kkunst,Kandice.Kunst@gmail.com
Marivel,Main,F,mmain,Marivel.Main@gmail.com
Beaulah,Berube,F,bberube,Beaulah.Berube@gmail.com
Dorine,Dagley,F,ddagley,Dorine.Dagley@gmail.com
Holli,Hardcastle,F,hhardcastle,Holli.Hardcastle@gmail.com
Precious,Ponder,F,pponder,Precious.Ponder@gmail.com
Angeles,Altom,F,aaltom,Angeles.Altom@gmail.com
Lenita,Lapoint,F,llapoint,Lenita.Lapoint@gmail.com
Josphine,Jimerson,F,jjimerson,Josphine.Jimerson@gmail.com
Rina,Roybal,F,rroybal,Rina.Roybal@gmail.com
Hollie,Hynek,F,hhynek,Hollie.Hynek@gmail.com
Roxana,Roles,F,rroles,Roxana.Roles@gmail.com
Izetta,Ing,F,iing,Izetta.Ing@gmail.com
Anastacia,Ankney,F,aankney,Anastacia.Ankney@gmail.com
Imogene,Isaac,F,iisaac,Imogene.Isaac@gmail.com
Ola,Ohearn,F,oohearn,Ola.Ohearn@gmail.com
Dixie,Dezzutti,F,ddezzutti,Dixie.Dezzutti@gmail.com
Delois,Dumond,F,ddumond,Delois.Dumond@gmail.com
Ericka,Emmert,F,eemmert,Ericka.Emmert@gmail.com
Jenni,Jewell,F,jjewell,Jenni.Jewell@gmail.com
Leola,Lemoine,F,llemoine,Leola.Lemoine@gmail.com
Annmarie,Arellano,F,aarellano,Annmarie.Arellano@gmail.com
Phylis,Pew,F,ppew,Phylis.Pew@gmail.com
Emelia,Ek,F,eek,Emelia.Ek@gmail.com
Shelley,Sabb,F,ssabb,Shelley.Sabb@gmail.com
Natacha,Narciso,F,nnarciso,Natacha.Narciso@gmail.com
Doretha,Duffy,F,dduffy,Doretha.Duffy@gmail.com
Coralee,Cather,F,ccather,Coralee.Cather@gmail.com
Scarlett,Schooler,F,sschooler,Scarlett.Schooler@gmail.com
Cheri,Cifaldi,F,ccifaldi,Cheri.Cifaldi@gmail.com
Anja,Atkison,F,aatkison,Anja.Atkison@gmail.com
Clementine,Carlyle,F,ccarlyle,Clementine.Carlyle@gmail.com
Sueann,Skow,F,sskow,Sueann.Skow@gmail.com
Evelia,Essex,F,eessex,Evelia.Essex@gmail.com
Junko,Jeske,F,jjeske,Junko.Jeske@gmail.com
Farah,Flatley,F,fflatley,Farah.Flatley@gmail.com
Chante,Chason,F,cchason,Chante.Chason@gmail.com
Terisa,Tollefson,F,ttollefson,Terisa.Tollefson@gmail.com
Enda,Eckel,F,eeckel,Enda.Eckel@gmail.com
Melita,Millay,F,mmillay,Melita.Millay@gmail.com
Zita,Zamudio,F,zzamudio,Zita.Zamudio@gmail.com
Jovan,Jessen,F,jjessen,Jovan.Jessen@gmail.com
Maxima,Marley,F,mmarley,Maxima.Marley@gmail.com